{
	"song": {
		"sectionLengths": [],
		"player1": "bf-b",
		"events": [],
		"gfVersion": "gf-b",
		"player2": "dad-b",
		"mania": 3,
		"notes": [
			{
				"sectionNotes": [
					[
						0,
						1,
						0
					],
					[
						227.272727272727,
						1,
						0
					],
					[
						454.545454545455,
						2,
						0
					],
					[
						795.454545454545,
						2,
						0
					],
					[
						1022.72727272727,
						1,
						227
					],
					[
						1363.63636363636,
						2,
						0
					],
					[
						1590.90909090909,
						0,
						0
					],
					[
						1704.54545454545,
						3,
						0
					]
				],
				"lengthInSteps": 16,
				"typeOfSection": 0,
				"altAnim": false,
				"changeBPM": true,
				"mustHitSection": false,
				"bpm": 132
			},
			{
				"sectionNotes": [
					[
						1818.18181818182,
						1,
						0
					],
					[
						2045.45454545455,
						1,
						0
					],
					[
						2272.72727272727,
						2,
						0
					],
					[
						2613.63636363636,
						2,
						0
					],
					[
						2840.90909090909,
						1,
						227
					],
					[
						3181.81818181818,
						2,
						0
					],
					[
						3409.09090909091,
						0,
						0
					],
					[
						3522.72727272727,
						3,
						0
					]
				],
				"lengthInSteps": 16,
				"typeOfSection": 0,
				"altAnim": false,
				"changeBPM": true,
				"mustHitSection": true,
				"bpm": 132
			},
			{
				"sectionNotes": [
					[
						3636.36363636364,
						1,
						0
					],
					[
						3863.63636363636,
						1,
						0
					],
					[
						4090.90909090909,
						2,
						0
					],
					[
						4431.81818181818,
						2,
						0
					],
					[
						4659.09090909091,
						1,
						227
					],
					[
						5000,
						2,
						0
					],
					[
						5227.27272727273,
						0,
						0
					],
					[
						5340.90909090909,
						3,
						0
					]
				],
				"lengthInSteps": 16,
				"typeOfSection": 0,
				"altAnim": false,
				"changeBPM": true,
				"mustHitSection": false,
				"bpm": 132
			},
			{
				"sectionNotes": [
					[
						5454.54545454545,
						1,
						0
					],
					[
						5681.81818181818,
						1,
						0
					],
					[
						5909.09090909091,
						2,
						0
					],
					[
						6250,
						2,
						0
					],
					[
						6477.27272727273,
						1,
						227
					],
					[
						6818.18181818182,
						2,
						0
					],
					[
						7045.45454545455,
						3,
						0
					]
				],
				"lengthInSteps": 16,
				"typeOfSection": 0,
				"altAnim": false,
				"changeBPM": true,
				"mustHitSection": true,
				"bpm": 132
			},
			{
				"sectionNotes": [
					[
						7500,
						2,
						0
					],
					[
						7727.27272727273,
						0,
						0
					],
					[
						8181.81818181818,
						3,
						0
					],
					[
						8636.36363636364,
						3,
						0
					],
					[
						8863.63636363636,
						3,
						0
					]
				],
				"lengthInSteps": 16,
				"typeOfSection": 0,
				"altAnim": false,
				"changeBPM": true,
				"mustHitSection": false,
				"bpm": 132
			},
			{
				"sectionNotes": [
					[
						9318.18181818182,
						2,
						0
					],
					[
						9545.45454545455,
						0,
						0
					],
					[
						10000,
						3,
						0
					],
					[
						10454.5454545455,
						3,
						0
					],
					[
						10681.8181818182,
						3,
						0
					]
				],
				"lengthInSteps": 16,
				"typeOfSection": 0,
				"altAnim": false,
				"changeBPM": true,
				"mustHitSection": true,
				"bpm": 132
			},
			{
				"sectionNotes": [
					[
						11136.3636363636,
						2,
						0
					],
					[
						11363.6363636364,
						1,
						0
					],
					[
						11590.9090909091,
						3,
						0
					],
					[
						11818.1818181818,
						0,
						0
					],
					[
						12272.7272727273,
						2,
						0
					],
					[
						12613.6363636364,
						0,
						0
					]
				],
				"lengthInSteps": 16,
				"typeOfSection": 0,
				"altAnim": false,
				"changeBPM": true,
				"mustHitSection": false,
				"bpm": 132
			},
			{
				"sectionNotes": [
					[
						12954.5454545455,
						2,
						0
					],
					[
						13181.8181818182,
						1,
						0
					],
					[
						13409.0909090909,
						3,
						0
					],
					[
						13636.3636363636,
						0,
						0
					],
					[
						14090.9090909091,
						2,
						0
					],
					[
						14431.8181818182,
						0,
						0
					]
				],
				"lengthInSteps": 16,
				"typeOfSection": 0,
				"altAnim": false,
				"changeBPM": true,
				"mustHitSection": true,
				"bpm": 132
			},
			{
				"sectionNotes": [
					[
						14772.7272727273,
						3,
						0
					],
					[
						15000,
						1,
						341
					],
					[
						15454.5454545455,
						0,
						0
					],
					[
						15909.0909090909,
						3,
						0
					],
					[
						16250,
						3,
						0
					]
				],
				"lengthInSteps": 16,
				"typeOfSection": 0,
				"altAnim": false,
				"changeBPM": true,
				"mustHitSection": false,
				"bpm": 132
			},
			{
				"sectionNotes": [
					[
						16590.9090909091,
						3,
						0
					],
					[
						16818.1818181818,
						1,
						341
					],
					[
						17272.7272727273,
						0,
						0
					],
					[
						17727.2727272727,
						3,
						0
					],
					[
						18068.1818181818,
						3,
						0
					]
				],
				"lengthInSteps": 16,
				"typeOfSection": 0,
				"altAnim": false,
				"changeBPM": true,
				"mustHitSection": true,
				"bpm": 132
			},
			{
				"sectionNotes": [
					[
						18181.8181818182,
						2,
						0
					],
					[
						18409.0909090909,
						1,
						0
					],
					[
						18636.3636363636,
						0,
						0
					],
					[
						18863.6363636364,
						0,
						341
					],
					[
						19318.1818181818,
						0,
						0
					],
					[
						19772.7272727273,
						2,
						0
					]
				],
				"lengthInSteps": 16,
				"typeOfSection": 0,
				"altAnim": false,
				"changeBPM": true,
				"mustHitSection": false,
				"bpm": 132
			},
			{
				"sectionNotes": [
					[
						20000,
						2,
						0
					],
					[
						20227.2727272727,
						1,
						0
					],
					[
						20454.5454545455,
						0,
						0
					],
					[
						20681.8181818182,
						0,
						341
					],
					[
						21136.3636363636,
						0,
						0
					],
					[
						21590.9090909091,
						2,
						0
					]
				],
				"lengthInSteps": 16,
				"typeOfSection": 0,
				"altAnim": false,
				"changeBPM": true,
				"mustHitSection": true,
				"bpm": 132
			},
			{
				"sectionNotes": [
					[
						21818.1818181818,
						3,
						0
					],
					[
						22159.0909090909,
						0,
						0
					],
					[
						22500,
						0,
						0
					],
					[
						22840.9090909091,
						3,
						455
					]
				],
				"lengthInSteps": 16,
				"typeOfSection": 0,
				"altAnim": false,
				"changeBPM": true,
				"mustHitSection": false,
				"bpm": 132
			},
			{
				"sectionNotes": [
					[
						23636.3636363636,
						2,
						0
					],
					[
						23863.6363636364,
						0,
						455
					],
					[
						24318.1818181818,
						2,
						0
					],
					[
						24545.4545454545,
						1,
						341
					],
					[
						25000,
						0,
						0
					]
				],
				"lengthInSteps": 16,
				"typeOfSection": 0,
				"altAnim": false,
				"changeBPM": true,
				"mustHitSection": false,
				"bpm": 132
			},
			{
				"sectionNotes": [
					[
						25454.5454545455,
						3,
						0
					],
					[
						25795.4545454545,
						0,
						0
					],
					[
						26136.3636363636,
						0,
						0
					],
					[
						26477.2727272727,
						3,
						455
					]
				],
				"lengthInSteps": 16,
				"typeOfSection": 0,
				"altAnim": false,
				"changeBPM": true,
				"mustHitSection": true,
				"bpm": 132
			},
			{
				"sectionNotes": [
					[
						27272.7272727273,
						2,
						0
					],
					[
						27500,
						0,
						455
					],
					[
						27954.5454545455,
						2,
						0
					],
					[
						28181.8181818182,
						1,
						341
					],
					[
						28636.3636363636,
						0,
						0
					]
				],
				"lengthInSteps": 16,
				"typeOfSection": 0,